{"cameraMode":{"drawMode":0,"name":"Shaded","section":"Shading Mode"},"sceneLighting":true,"audioPlay":false,"sceneViewState":{"showFog":false,"showMaterialUpdate":false,"showSkybox":true,"showFlares":false,"showImageEffects":true,"showParticleSystems":false},"in2DMode":false,"pivot":{"x":4.020527362823486,"y":-13.76600456237793,"z":5.333160400390625},"rotation":{"x":0.48253658413887026,"y":-0.07823468744754791,"z":0.042227961122989658,"w":0.8713531494140625},"size":18.73601722717285,"orthographic":false}