{"cameraMode":{"drawMode":0,"name":"Shaded","section":"Shading Mode"},"sceneLighting":true,"audioPlay":false,"sceneViewState":{"showFog":false,"showMaterialUpdate":false,"showSkybox":true,"showFlares":false,"showImageEffects":true,"showParticleSystems":false},"in2DMode":false,"pivot":{"x":-38.052303314208987,"y":-29.486879348754884,"z":28.03714942932129},"rotation":{"x":0.30485668778419497,"y":-0.2902332842350006,"z":0.09704475104808808,"w":0.901893675327301},"size":36.7554817199707,"orthographic":false}