{"cameraMode":{"drawMode":0,"name":"Shaded","section":"Shading Mode"},"sceneLighting":true,"audioPlay":false,"sceneViewState":{"showFog":false,"showMaterialUpdate":false,"showSkybox":true,"showFlares":false,"showImageEffects":true,"showParticleSystems":false},"in2DMode":false,"pivot":{"x":-16.40729522705078,"y":-27.569168090820314,"z":-24.336902618408204},"rotation":{"x":0.5921507477760315,"y":0.0388639010488987,"z":-0.029799768701195718,"w":0.8043396472930908},"size":50.91843032836914,"orthographic":false}