{"cameraMode":{"drawMode":0,"name":"Shaded","section":"Shading Mode"},"sceneLighting":true,"audioPlay":false,"sceneViewState":{"showFog":false,"showMaterialUpdate":false,"showSkybox":true,"showFlares":false,"showImageEffects":true,"showParticleSystems":false},"in2DMode":false,"pivot":{"x":0.4300384223461151,"y":-13.659431457519532,"z":6.38990592956543},"rotation":{"x":0.48830705881118777,"y":-0.006152962800115347,"z":0.002347949892282486,"w":0.8726482391357422},"size":21.68135643005371,"orthographic":false}