{"cameraMode":{"drawMode":0,"name":"Shaded","section":"Shading Mode"},"sceneLighting":true,"audioPlay":false,"sceneViewState":{"showFog":false,"showMaterialUpdate":false,"showSkybox":true,"showFlares":false,"showImageEffects":true,"showParticleSystems":false},"in2DMode":false,"pivot":{"x":-0.3936261534690857,"y":-6.74314022064209,"z":19.34865379333496},"rotation":{"x":-0.20859088003635407,"y":0.01888572797179222,"z":-0.0030522586312144996,"w":-0.9778178334236145},"size":12.10372543334961,"orthographic":false}