{"cameraMode":{"drawMode":0,"name":"Shaded","section":"Shading Mode"},"sceneLighting":false,"audioPlay":false,"sceneViewState":{"showFog":false,"showMaterialUpdate":false,"showSkybox":false,"showFlares":false,"showImageEffects":true,"showParticleSystems":false},"in2DMode":false,"pivot":{"x":1.1361236572265626,"y":4.559000015258789,"z":-5.695293426513672},"rotation":{"x":0.5447100400924683,"y":-0.017304154112935067,"z":0.010102920234203339,"w":0.8383859395980835},"size":1.039230465888977,"orthographic":false}